transaction_id,date_id,customer_id,location_id,product_category,quantity,unit_price,discount_amount,gross_revenue,net_revenue
TXN-000001,20241009,CUST-0062,LOC-005,Office Supplies,17,186.25,86.49,3166.25,3079.76
TXN-000002,20240127,CUST-0010,LOC-003,Furniture,9,186.54,198.87,1678.86,1479.99
TXN-000003,20240813,CUST-0021,LOC-004,Furniture,33,374.0,1219.47,12342.0,11122.53
TXN-000004,20241003,CUST-0036,LOC-002,Industrial Equipment,20,237.06,354.31,4741.2,4386.89
TXN-000005,20260308,CUST-0012,LOC-009,Industrial Equipment,13,127.81,138.41,1661.53,1523.12
TXN-000006,20250831,CUST-0091,LOC-003,Furniture,28,237.17,716.41,6640.76,5924.35
TXN-000007,20241010,CUST-0002,LOC-002,Industrial Equipment,48,87.61,144.11,4205.28,4061.17
TXN-000008,20260528,CUST-0013,LOC-010,Furniture,29,104.67,453.65,3035.43,2581.78
TXN-000009,20250425,CUST-0053,LOC-009,Furniture,13,259.22,492.74,3369.86,2877.12
TXN-000010,20250328,CUST-0032,LOC-007,Furniture,46,221.08,992.04,10169.68,9177.64
TXN-000011,20260408,CUST-0095,LOC-006,Electronics,35,459.13,480.98,16069.55,15588.57
TXN-000012,20260326,CUST-0016,LOC-001,Industrial Equipment,6,193.95,118.74,1163.7,1044.96
TXN-000013,20251020,CUST-0032,LOC-005,Office Supplies,18,298.68,58.22,5376.24,5318.02
TXN-000014,20250530,CUST-0032,LOC-003,Office Supplies,5,323.49,7.44,1617.45,1610.01
TXN-000015,20250630,CUST-0098,LOC-001,Industrial Equipment,47,26.29,47.76,1235.63,1187.87
TXN-000016,20240710,CUST-0011,LOC-004,Furniture,25,338.5,587.24,8462.5,7875.26
TXN-000017,20240218,CUST-0010,LOC-002,Office Supplies,2,105.46,27.47,210.92,183.45
TXN-000018,20250526,CUST-0015,LOC-002,Office Supplies,10,481.31,524.99,4813.1,4288.11
TXN-000019,20240117,CUST-0017,LOC-003,Industrial Equipment,30,91.36,305.34,2740.8,2435.46
TXN-000020,20240620,CUST-0040,LOC-008,Office Supplies,45,219.02,629.04,9855.9,9226.86
TXN-000021,20240807,CUST-0018,LOC-008,Furniture,5,60.97,15.82,304.85,289.03
TXN-000022,20240606,CUST-0055,LOC-007,Industrial Equipment,33,498.5,915.57,16450.5,15534.93
TXN-000023,20250421,CUST-0073,LOC-006,Furniture,1,261.05,38.67,261.05,222.38
TXN-000024,20240215,CUST-0025,LOC-009,Office Supplies,18,305.78,33.11,5504.04,5470.93
TXN-000025,20250107,CUST-0059,LOC-004,Office Supplies,32,52.2,217.24,1670.4,1453.16
TXN-000026,20250601,CUST-0078,LOC-001,Furniture,47,379.98,1550.19,17859.06,16308.87
TXN-000027,20240408,CUST-0089,LOC-008,Electronics,49,120.75,389.28,5916.75,5527.47
TXN-000028,20260610,CUST-0022,LOC-007,Office Supplies,11,451.07,539.78,4961.77,4421.99
TXN-000029,20260114,CUST-0030,LOC-007,Electronics,21,118.47,181.62,2487.87,2306.25
TXN-000030,20240206,CUST-0084,LOC-003,Office Supplies,26,111.53,379.91,2899.78,2519.87
TXN-000031,20241006,CUST-0085,LOC-004,Electronics,25,37.54,126.8,938.5,811.7
TXN-000032,20241214,CUST-0044,LOC-010,Electronics,22,246.59,343.17,5424.98,5081.81
TXN-000033,20250511,CUST-0032,LOC-009,Electronics,27,291.12,326.39,7860.24,7533.85
TXN-000034,20241028,CUST-0051,LOC-006,Furniture,49,51.54,224.39,2525.46,2301.07
TXN-000035,20240629,CUST-0046,LOC-005,Electronics,13,392.25,697.86,5099.25,4401.39
TXN-000036,20250829,CUST-0021,LOC-003,Electronics,33,237.58,247.74,7840.14,7592.4
TXN-000037,20240408,CUST-0099,LOC-009,Electronics,34,271.71,863.26,9238.14,8374.88
TXN-000038,20251130,CUST-0032,LOC-005,Office Supplies,41,231.57,899.44,9494.37,8594.93
TXN-000039,20240425,CUST-0094,LOC-005,Electronics,35,212.37,817.38,7432.95,6615.57
TXN-000040,20240709,CUST-0039,LOC-004,Office Supplies,1,288.63,5.7,288.63,282.93
TXN-000041,20240909,CUST-0012,LOC-004,Electronics,21,94.52,213.13,1984.92,1771.79
TXN-000042,20260716,CUST-0047,LOC-001,Electronics,48,107.33,702.48,5151.84,4449.36
TXN-000043,20240609,CUST-0018,LOC-007,Furniture,6,433.66,70.13,2601.96,2531.83
TXN-000044,20240912,CUST-0021,LOC-009,Office Supplies,28,474.14,473.04,13275.92,12802.88
TXN-000045,20241118,CUST-0013,LOC-003,Electronics,17,199.19,493.41,3386.23,2892.82
TXN-000046,20240507,CUST-0021,LOC-002,Office Supplies,5,149.96,20.35,749.8,729.45
TXN-000047,20240118,CUST-0008,LOC-003,Office Supplies,31,329.12,1307.56,10202.72,8895.16
TXN-000048,20260303,CUST-0046,LOC-001,Industrial Equipment,5,216.19,79.82,1080.95,1001.13
TXN-000049,20260104,CUST-0007,LOC-006,Furniture,38,32.19,45.36,1223.22,1177.86
TXN-000050,20250719,CUST-0023,LOC-007,Furniture,3,94.95,37.2,284.85,247.65
TXN-000051,20250723,CUST-0096,LOC-002,Furniture,23,363.67,558.71,8364.41,7805.7
TXN-000052,20241118,CUST-0075,LOC-008,Industrial Equipment,37,336.28,960.83,12442.36,11481.53
TXN-000053,20260521,CUST-0086,LOC-006,Industrial Equipment,37,33.01,65.81,1221.37,1155.56
TXN-000054,20251116,CUST-0022,LOC-004,Furniture,10,126.55,112.56,1265.5,1152.94
TXN-000055,20260302,CUST-0089,LOC-005,Industrial Equipment,10,130.92,32.11,1309.2,1277.09
TXN-000056,20250917,CUST-0022,LOC-008,Industrial Equipment,19,342.51,381.76,6507.69,6125.93
TXN-000057,20241014,CUST-0092,LOC-003,Industrial Equipment,17,29.46,72.83,500.82,427.99
TXN-000058,20260731,CUST-0029,LOC-003,Furniture,21,69.97,56.89,1469.37,1412.48
TXN-000059,20260503,CUST-0013,LOC-004,Furniture,14,403.96,557.12,5655.44,5098.32
TXN-000060,20251024,CUST-0082,LOC-001,Furniture,9,105.7,46.4,951.3,904.9
TXN-000061,20250930,CUST-0002,LOC-009,Industrial Equipment,46,333.32,1778.92,15332.72,13553.8
TXN-000062,20240603,CUST-0029,LOC-008,Furniture,1,134.33,2.64,134.33,131.69
TXN-000063,20250504,CUST-0085,LOC-008,Industrial Equipment,45,67.73,443.38,3047.85,2604.47
TXN-000064,20250120,CUST-0079,LOC-010,Electronics,13,136.72,120.98,1777.36,1656.38
TXN-000065,20260223,CUST-0052,LOC-006,Industrial Equipment,4,366.69,51.93,1466.76,1414.83
TXN-000066,20240413,CUST-0027,LOC-007,Office Supplies,1,430.73,4.75,430.73,425.98
TXN-000067,20260717,CUST-0050,LOC-006,Furniture,49,418.51,522.18,20506.99,19984.81
TXN-000068,20250127,CUST-0095,LOC-009,Furniture,40,210.65,656.94,8426.0,7769.06
TXN-000069,20260321,CUST-0079,LOC-003,Office Supplies,32,340.68,551.09,10901.76,10350.67
TXN-000070,20240902,CUST-0023,LOC-003,Industrial Equipment,34,118.39,500.47,4025.26,3524.79
TXN-000071,20240624,CUST-0088,LOC-003,Electronics,28,160.71,290.84,4499.88,4209.04
TXN-000072,20240208,CUST-0044,LOC-010,Office Supplies,31,450.24,520.71,13957.44,13436.73
TXN-000073,20250421,CUST-0077,LOC-003,Office Supplies,8,26.24,19.43,209.92,190.49
TXN-000074,20251112,CUST-0022,LOC-009,Industrial Equipment,39,61.04,252.38,2380.56,2128.18
TXN-000075,20260128,CUST-0043,LOC-004,Furniture,26,119.79,78.04,3114.54,3036.5
TXN-000076,20250621,CUST-0037,LOC-007,Industrial Equipment,34,32.74,27.99,1113.16,1085.17
TXN-000077,20260516,CUST-0061,LOC-009,Office Supplies,3,107.09,1.77,321.27,319.5
TXN-000078,20260328,CUST-0097,LOC-007,Office Supplies,12,299.86,397.47,3598.32,3200.85
TXN-000079,20260709,CUST-0056,LOC-009,Furniture,1,222.28,22.13,222.28,200.15
TXN-000080,20250211,CUST-0003,LOC-003,Furniture,44,448.48,1404.89,19733.12,18328.23
TXN-000081,20250608,CUST-0063,LOC-004,Furniture,5,412.37,261.08,2061.85,1800.77
TXN-000082,20260407,CUST-0019,LOC-008,Industrial Equipment,30,184.07,667.35,5522.1,4854.75
TXN-000083,20250520,CUST-0023,LOC-006,Furniture,30,144.52,380.68,4335.6,3954.92
TXN-000084,20260621,CUST-0029,LOC-005,Office Supplies,17,202.25,447.8,3438.25,2990.45
TXN-000085,20260404,CUST-0030,LOC-004,Office Supplies,48,303.34,449.57,14560.32,14110.75
TXN-000086,20240205,CUST-0039,LOC-008,Electronics,47,148.67,117.31,6987.49,6870.18
TXN-000087,20251115,CUST-0025,LOC-001,Industrial Equipment,23,319.59,297.42,7350.57,7053.15
TXN-000088,20240120,CUST-0008,LOC-009,Electronics,15,216.52,27.81,3247.8,3219.99
TXN-000089,20241116,CUST-0058,LOC-001,Office Supplies,37,284.98,840.12,10544.26,9704.14
TXN-000090,20260214,CUST-0016,LOC-008,Electronics,21,229.34,676.62,4816.14,4139.52
TXN-000091,20250526,CUST-0072,LOC-004,Office Supplies,14,161.34,13.33,2258.76,2245.43
TXN-000092,20250203,CUST-0001,LOC-009,Electronics,2,475.26,17.41,950.52,933.11
TXN-000093,20251015,CUST-0005,LOC-005,Furniture,11,386.53,288.4,4251.83,3963.43
TXN-000094,20260601,CUST-0003,LOC-003,Electronics,39,87.25,476.66,3402.75,2926.09
TXN-000095,20250415,CUST-0065,LOC-009,Furniture,38,436.86,787.26,16600.68,15813.42
TXN-000096,20240522,CUST-0004,LOC-009,Furniture,34,253.97,656.99,8634.98,7977.99
TXN-000097,20240401,CUST-0099,LOC-004,Industrial Equipment,38,449.39,106.49,17076.82,16970.33
TXN-000098,20241219,CUST-0096,LOC-004,Furniture,34,403.93,305.59,13733.62,13428.03
TXN-000099,20260413,CUST-0064,LOC-008,Furniture,18,224.1,596.98,4033.8,3436.82
TXN-000100,20260310,CUST-0098,LOC-002,Electronics,30,30.79,133.72,923.7,789.98
TXN-000101,20251227,CUST-0089,LOC-009,Office Supplies,15,148.97,1.66,2234.55,2232.89
TXN-000102,20260503,CUST-0010,LOC-006,Industrial Equipment,27,279.98,1079.28,7559.46,6480.18
TXN-000103,20240220,CUST-0021,LOC-009,Furniture,34,324.07,1056.31,11018.38,9962.07
TXN-000104,20251026,CUST-0046,LOC-008,Industrial Equipment,38,143.79,711.35,5464.02,4752.67
TXN-000105,20251128,CUST-0091,LOC-007,Electronics,33,86.89,195.59,2867.37,2671.78
TXN-000106,20250728,CUST-0027,LOC-001,Furniture,24,420.77,781.01,10098.48,9317.47
TXN-000107,20240708,CUST-0066,LOC-003,Electronics,15,492.51,541.71,7387.65,6845.94
TXN-000108,20240504,CUST-0041,LOC-002,Industrial Equipment,30,272.33,817.23,8169.9,7352.67
TXN-000109,20240529,CUST-0013,LOC-005,Electronics,42,102.41,90.1,4301.22,4211.12
TXN-000110,20241109,CUST-0009,LOC-005,Industrial Equipment,17,150.71,11.52,2562.07,2550.55
TXN-000111,20250723,CUST-0036,LOC-005,Electronics,5,28.83,6.66,144.15,137.49
TXN-000112,20241207,CUST-0086,LOC-004,Industrial Equipment,29,458.86,1406.57,13306.94,11900.37
TXN-000113,20241031,CUST-0090,LOC-005,Office Supplies,4,76.52,9.27,306.08,296.81
TXN-000114,20251122,CUST-0058,LOC-003,Electronics,10,296.73,299.74,2967.3,2667.56
TXN-000115,20251112,CUST-0054,LOC-001,Electronics,17,151.55,374.82,2576.35,2201.53
TXN-000116,20260417,CUST-0012,LOC-005,Office Supplies,10,286.01,40.28,2860.1,2819.82
TXN-000117,20260221,CUST-0081,LOC-009,Office Supplies,17,332.68,570.59,5655.56,5084.97
TXN-000118,20240223,CUST-0078,LOC-009,Electronics,20,418.28,556.84,8365.6,7808.76
TXN-000119,20250319,CUST-0014,LOC-004,Office Supplies,24,119.08,372.16,2857.92,2485.76
TXN-000120,20250904,CUST-0034,LOC-003,Furniture,5,25.28,3.36,126.4,123.04
TXN-000121,20240920,CUST-0053,LOC-001,Industrial Equipment,34,85.71,302.76,2914.14,2611.38
TXN-000122,20240222,CUST-0020,LOC-002,Industrial Equipment,6,452.01,340.95,2712.06,2371.11
TXN-000123,20250725,CUST-0075,LOC-008,Industrial Equipment,2,439.47,124.54,878.94,754.4
TXN-000124,20250911,CUST-0016,LOC-001,Furniture,13,306.76,408.71,3987.88,3579.17
TXN-000125,20240105,CUST-0095,LOC-008,Office Supplies,43,308.25,988.49,13254.75,12266.26
TXN-000126,20240412,CUST-0070,LOC-007,Office Supplies,43,339.22,1351.83,14586.46,13234.63
TXN-000127,20240714,CUST-0056,LOC-008,Electronics,48,104.18,651.76,5000.64,4348.88
TXN-000128,20260212,CUST-0083,LOC-006,Office Supplies,11,458.92,432.08,5048.12,4616.04
TXN-000129,20260526,CUST-0058,LOC-009,Electronics,47,221.01,47.35,10387.47,10340.12
TXN-000130,20260602,CUST-0004,LOC-003,Furniture,23,203.91,654.91,4689.93,4035.02
TXN-000131,20241215,CUST-0004,LOC-010,Industrial Equipment,16,269.08,445.29,4305.28,3859.99
TXN-000132,20240216,CUST-0020,LOC-004,Industrial Equipment,31,42.54,133.82,1318.74,1184.92
TXN-000133,20260516,CUST-0010,LOC-006,Industrial Equipment,11,99.82,35.52,1098.02,1062.5
TXN-000134,20260402,CUST-0024,LOC-008,Office Supplies,16,374.26,591.83,5988.16,5396.33
TXN-000135,20260724,CUST-0099,LOC-005,Electronics,8,59.74,28.24,477.92,449.68
TXN-000136,20260330,CUST-0026,LOC-003,Electronics,4,309.51,120.94,1238.04,1117.1
TXN-000137,20251017,CUST-0037,LOC-006,Furniture,40,137.77,88.11,5510.8,5422.69
TXN-000138,20240925,CUST-0085,LOC-004,Office Supplies,4,206.86,81.65,827.44,745.79
TXN-000139,20250104,CUST-0054,LOC-009,Furniture,25,158.57,594.29,3964.25,3369.96
TXN-000140,20250927,CUST-0021,LOC-003,Electronics,3,190.72,4.14,572.16,568.02
TXN-000141,20240415,CUST-0074,LOC-004,Electronics,32,365.14,1712.67,11684.48,9971.81
TXN-000142,20251031,CUST-0038,LOC-007,Industrial Equipment,3,162.62,29.78,487.86,458.08
TXN-000143,20251020,CUST-0046,LOC-007,Office Supplies,27,291.87,1029.29,7880.49,6851.2
TXN-000144,20251018,CUST-0004,LOC-004,Electronics,29,248.5,845.74,7206.5,6360.76
TXN-000145,20240429,CUST-0060,LOC-006,Industrial Equipment,32,338.56,921.45,10833.92,9912.47
TXN-000146,20260410,CUST-0057,LOC-003,Office Supplies,19,469.68,988.48,8923.92,7935.44
TXN-000147,20260225,CUST-0045,LOC-006,Furniture,21,371.63,1028.42,7804.23,6775.81
TXN-000148,20250826,CUST-0020,LOC-002,Office Supplies,5,123.17,37.33,615.85,578.52
TXN-000149,20240227,CUST-0017,LOC-008,Office Supplies,18,34.97,30.88,629.46,598.58
TXN-000150,20241211,CUST-0071,LOC-002,Electronics,28,145.89,409.06,4084.92,3675.86
TXN-000151,20260110,CUST-0004,LOC-007,Electronics,42,305.64,1555.53,12836.88,11281.35
TXN-000152,20250418,CUST-0093,LOC-009,Office Supplies,22,44.68,112.39,982.96,870.57
TXN-000153,20240426,CUST-0014,LOC-001,Electronics,21,258.26,649.04,5423.46,4774.42
TXN-000154,20260409,CUST-0003,LOC-008,Electronics,6,306.48,120.15,1838.88,1718.73
TXN-000155,20260301,CUST-0088,LOC-007,Electronics,1,180.44,22.14,180.44,158.3
TXN-000156,20240506,CUST-0080,LOC-006,Industrial Equipment,5,390.04,35.16,1950.2,1915.04
TXN-000157,20250127,CUST-0058,LOC-006,Industrial Equipment,41,71.17,238.32,2917.97,2679.65
TXN-000158,20260626,CUST-0055,LOC-006,Office Supplies,12,56.07,0.58,672.84,672.26
TXN-000159,20251002,CUST-0004,LOC-009,Electronics,26,369.53,467.78,9607.78,9140.0
TXN-000160,20240227,CUST-0024,LOC-002,Industrial Equipment,46,257.84,651.97,11860.64,11208.67
TXN-000161,20250925,CUST-0034,LOC-001,Office Supplies,34,350.43,708.04,11914.62,11206.58
TXN-000162,20250527,CUST-0030,LOC-006,Electronics,49,228.72,1169.14,11207.28,10038.14
TXN-000163,20260120,CUST-0082,LOC-010,Furniture,14,138.27,112.82,1935.78,1822.96
TXN-000164,20260312,CUST-0019,LOC-008,Electronics,26,413.17,723.01,10742.42,10019.41
TXN-000165,20240405,CUST-0031,LOC-003,Electronics,45,403.72,647.33,18167.4,17520.07
TXN-000166,20250929,CUST-0060,LOC-010,Industrial Equipment,27,353.45,534.3,9543.15,9008.85
TXN-000167,20240427,CUST-0060,LOC-001,Office Supplies,9,150.63,46.22,1355.67,1309.45
TXN-000168,20250713,CUST-0019,LOC-009,Office Supplies,26,303.31,86.58,7886.06,7799.48
TXN-000169,20250823,CUST-0049,LOC-001,Industrial Equipment,47,193.27,822.23,9083.69,8261.46
TXN-000170,20250502,CUST-0063,LOC-003,Electronics,22,63.96,141.04,1407.12,1266.08
TXN-000171,20240824,CUST-0083,LOC-008,Furniture,47,460.31,2010.36,21634.57,19624.21
TXN-000172,20260603,CUST-0022,LOC-003,Electronics,30,85.67,178.68,2570.1,2391.42
TXN-000173,20260615,CUST-0024,LOC-004,Electronics,43,476.11,1166.29,20472.73,19306.44
TXN-000174,20240928,CUST-0076,LOC-008,Furniture,48,234.08,1455.04,11235.84,9780.8
TXN-000175,20240707,CUST-0030,LOC-001,Industrial Equipment,17,108.86,144.09,1850.62,1706.53
TXN-000176,20251204,CUST-0058,LOC-006,Office Supplies,26,280.11,523.47,7282.86,6759.39
TXN-000177,20250322,CUST-0031,LOC-001,Industrial Equipment,36,439.01,60.79,15804.36,15743.57
TXN-000178,20250803,CUST-0100,LOC-001,Industrial Equipment,1,371.47,19.01,371.47,352.46
TXN-000179,20260228,CUST-0064,LOC-008,Electronics,8,407.15,185.76,3257.2,3071.44
TXN-000180,20260510,CUST-0019,LOC-004,Office Supplies,49,336.22,985.58,16474.78,15489.2
TXN-000181,20240903,CUST-0048,LOC-001,Office Supplies,35,352.29,1073.04,12330.15,11257.11
TXN-000182,20240316,CUST-0045,LOC-010,Industrial Equipment,15,427.61,513.39,6414.15,5900.76
TXN-000183,20240602,CUST-0100,LOC-007,Furniture,47,139.84,599.32,6572.48,5973.16
TXN-000184,20251017,CUST-0094,LOC-005,Industrial Equipment,22,254.92,643.45,5608.24,4964.79
TXN-000185,20250310,CUST-0055,LOC-005,Furniture,14,126.18,215.42,1766.52,1551.1
TXN-000186,20240326,CUST-0055,LOC-001,Office Supplies,26,494.08,1383.76,12846.08,11462.32
TXN-000187,20251127,CUST-0097,LOC-010,Industrial Equipment,28,473.15,1898.85,13248.2,11349.35
TXN-000188,20241011,CUST-0018,LOC-006,Electronics,23,38.92,2.45,895.16,892.71
TXN-000189,20240807,CUST-0063,LOC-009,Industrial Equipment,14,358.68,147.47,5021.52,4874.05
TXN-000190,20240309,CUST-0092,LOC-009,Office Supplies,24,464.12,12.64,11138.88,11126.24
TXN-000191,20240216,CUST-0047,LOC-008,Electronics,2,106.68,20.72,213.36,192.64
TXN-000192,20240403,CUST-0075,LOC-005,Electronics,45,292.61,1773.72,13167.45,11393.73
TXN-000193,20260119,CUST-0057,LOC-001,Furniture,26,459.43,436.27,11945.18,11508.91
TXN-000194,20250328,CUST-0045,LOC-009,Electronics,14,36.29,70.65,508.06,437.41
TXN-000195,20240722,CUST-0033,LOC-001,Electronics,7,354.76,22.45,2483.32,2460.87
TXN-000196,20260630,CUST-0017,LOC-008,Industrial Equipment,3,162.73,68.43,488.19,419.76
TXN-000197,20240805,CUST-0070,LOC-005,Office Supplies,47,463.71,1149.51,21794.37,20644.86
TXN-000198,20250418,CUST-0004,LOC-003,Furniture,23,486.11,170.09,11180.53,11010.44
TXN-000199,20250307,CUST-0020,LOC-007,Industrial Equipment,46,473.25,1586.58,21769.5,20182.92
TXN-000200,20241206,CUST-0047,LOC-007,Electronics,43,247.62,410.11,10647.66,10237.55
TXN-000201,20250704,CUST-0091,LOC-009,Electronics,47,433.78,871.18,20387.66,19516.48
TXN-000202,20250903,CUST-0015,LOC-007,Furniture,45,425.38,882.33,19142.1,18259.77
TXN-000203,20241015,CUST-0070,LOC-003,Office Supplies,18,173.17,375.46,3117.06,2741.6
TXN-000204,20240910,CUST-0047,LOC-001,Furniture,38,417.88,1284.24,15879.44,14595.2
TXN-000205,20260103,CUST-0078,LOC-008,Industrial Equipment,35,37.76,61.71,1321.6,1259.89
TXN-000206,20241222,CUST-0075,LOC-003,Furniture,15,306.21,420.5,4593.15,4172.65
TXN-000207,20240123,CUST-0009,LOC-008,Electronics,25,130.4,350.2,3260.0,2909.8
TXN-000208,20260131,CUST-0090,LOC-008,Industrial Equipment,37,77.87,117.82,2881.19,2763.37
TXN-000209,20250605,CUST-0016,LOC-005,Electronics,28,56.94,98.9,1594.32,1495.42
TXN-000210,20260127,CUST-0069,LOC-001,Office Supplies,10,354.22,64.76,3542.2,3477.44
TXN-000211,20260416,CUST-0061,LOC-010,Electronics,39,183.14,194.08,7142.46,6948.38
TXN-000212,20240409,CUST-0010,LOC-007,Electronics,17,367.89,638.97,6254.13,5615.16
TXN-000213,20260312,CUST-0050,LOC-010,Furniture,39,51.37,54.52,2003.43,1948.91
TXN-000214,20240628,CUST-0003,LOC-005,Electronics,22,171.34,296.94,3769.48,3472.54
TXN-000215,20240810,CUST-0077,LOC-008,Industrial Equipment,26,278.96,771.4,7252.96,6481.56
TXN-000216,20260624,CUST-0094,LOC-009,Industrial Equipment,44,399.55,281.84,17580.2,17298.36
TXN-000217,20260131,CUST-0070,LOC-007,Office Supplies,25,173.0,368.04,4325.0,3956.96
TXN-000218,20251020,CUST-0081,LOC-007,Industrial Equipment,17,320.43,209.64,5447.31,5237.67
TXN-000219,20250317,CUST-0051,LOC-001,Furniture,13,445.27,836.09,5788.51,4952.42
TXN-000220,20250830,CUST-0019,LOC-004,Office Supplies,20,315.61,457.84,6312.2,5854.36
TXN-000221,20260207,CUST-0042,LOC-002,Industrial Equipment,25,131.82,398.42,3295.5,2897.08
TXN-000222,20241120,CUST-0035,LOC-002,Furniture,4,31.71,10.47,126.84,116.37
TXN-000223,20250530,CUST-0046,LOC-002,Industrial Equipment,10,437.65,28.5,4376.5,4348.0
TXN-000224,20240116,CUST-0026,LOC-004,Industrial Equipment,3,30.21,8.61,90.63,82.02
TXN-000225,20260302,CUST-0069,LOC-001,Electronics,41,439.86,2573.68,18034.26,15460.58
TXN-000226,20241201,CUST-0093,LOC-004,Industrial Equipment,45,273.89,1112.23,12325.05,11212.82
TXN-000227,20260128,CUST-0064,LOC-002,Industrial Equipment,18,470.75,1041.21,8473.5,7432.29
TXN-000228,20240914,CUST-0037,LOC-005,Furniture,47,403.42,2514.78,18960.74,16445.96
TXN-000229,20250511,CUST-0084,LOC-003,Furniture,36,499.01,614.6,17964.36,17349.76
TXN-000230,20260614,CUST-0049,LOC-008,Electronics,47,188.34,281.55,8851.98,8570.43
TXN-000231,20240608,CUST-0021,LOC-004,Industrial Equipment,22,388.25,782.8,8541.5,7758.7
TXN-000232,20250419,CUST-0074,LOC-001,Electronics,34,212.93,446.35,7239.62,6793.27
TXN-000233,20260501,CUST-0064,LOC-001,Industrial Equipment,47,250.34,1482.27,11765.98,10283.71
TXN-000234,20251025,CUST-0005,LOC-010,Office Supplies,8,321.2,346.9,2569.6,2222.7
TXN-000235,20260626,CUST-0100,LOC-003,Office Supplies,40,439.37,931.7,17574.8,16643.1
TXN-000236,20251120,CUST-0070,LOC-009,Electronics,49,492.36,857.2,24125.64,23268.44
TXN-000237,20251105,CUST-0090,LOC-007,Electronics,44,388.77,2002.74,17105.88,15103.14
TXN-000238,20250114,CUST-0004,LOC-002,Electronics,19,220.53,172.72,4190.07,4017.35
TXN-000239,20250628,CUST-0039,LOC-009,Furniture,42,222.25,1151.8,9334.5,8182.7
TXN-000240,20260717,CUST-0035,LOC-010,Furniture,41,374.04,974.74,15335.64,14360.9
TXN-000241,20251121,CUST-0001,LOC-002,Furniture,37,134.61,498.72,4980.57,4481.85
TXN-000242,20250302,CUST-0024,LOC-003,Electronics,6,73.03,6.28,438.18,431.9
TXN-000243,20250904,CUST-0057,LOC-010,Industrial Equipment,26,190.22,462.82,4945.72,4482.9
TXN-000244,20240924,CUST-0100,LOC-002,Office Supplies,34,157.87,363.73,5367.58,5003.85
TXN-000245,20260414,CUST-0070,LOC-003,Electronics,45,162.23,642.37,7300.35,6657.98
TXN-000246,20250730,CUST-0041,LOC-006,Furniture,6,132.13,19.98,792.78,772.8
TXN-000247,20250220,CUST-0054,LOC-009,Furniture,37,40.2,164.4,1487.4,1323.0
TXN-000248,20240616,CUST-0046,LOC-009,Electronics,33,28.58,122.06,943.14,821.08
TXN-000249,20260421,CUST-0060,LOC-007,Electronics,22,494.11,353.41,10870.42,10517.01
TXN-000250,20240212,CUST-0060,LOC-003,Furniture,21,225.33,67.94,4731.93,4663.99
TXN-000251,20250709,CUST-0057,LOC-004,Industrial Equipment,6,204.48,4.35,1226.88,1222.53
TXN-000252,20241011,CUST-0031,LOC-006,Furniture,6,346.23,200.04,2077.38,1877.34
TXN-000253,20250131,CUST-0084,LOC-005,Furniture,48,124.76,545.34,5988.48,5443.14
TXN-000254,20240112,CUST-0024,LOC-002,Electronics,4,475.98,156.13,1903.92,1747.79
TXN-000255,20250829,CUST-0089,LOC-006,Industrial Equipment,30,397.45,414.84,11923.5,11508.66
TXN-000256,20241028,CUST-0036,LOC-003,Furniture,11,62.92,40.58,692.12,651.54
TXN-000257,20260616,CUST-0085,LOC-008,Furniture,30,220.44,589.71,6613.2,6023.49
TXN-000258,20240909,CUST-0030,LOC-002,Office Supplies,31,441.98,1020.96,13701.38,12680.42
TXN-000259,20250513,CUST-0024,LOC-001,Electronics,24,473.47,1683.67,11363.28,9679.61
TXN-000260,20260123,CUST-0030,LOC-009,Office Supplies,9,244.35,45.01,2199.15,2154.14
TXN-000261,20240204,CUST-0086,LOC-003,Office Supplies,3,314.44,98.36,943.32,844.96
TXN-000262,20251227,CUST-0092,LOC-001,Furniture,31,100.18,188.35,3105.58,2917.23
TXN-000263,20260428,CUST-0007,LOC-007,Electronics,40,495.76,1273.71,19830.4,18556.69
TXN-000264,20240330,CUST-0035,LOC-010,Industrial Equipment,37,131.2,522.53,4854.4,4331.87
TXN-000265,20260214,CUST-0055,LOC-005,Furniture,36,472.51,1766.79,17010.36,15243.57
TXN-000266,20250827,CUST-0092,LOC-005,Industrial Equipment,24,331.83,1184.14,7963.92,6779.78
TXN-000267,20260710,CUST-0014,LOC-001,Industrial Equipment,31,311.71,186.1,9663.01,9476.91
TXN-000268,20250824,CUST-0010,LOC-009,Electronics,6,266.09,24.93,1596.54,1571.61
TXN-000269,20250221,CUST-0080,LOC-007,Office Supplies,2,130.72,28.41,261.44,233.03
TXN-000270,20240424,CUST-0016,LOC-008,Electronics,20,104.73,181.72,2094.6,1912.88
TXN-000271,20250908,CUST-0054,LOC-009,Industrial Equipment,28,125.83,144.89,3523.24,3378.35
TXN-000272,20260621,CUST-0095,LOC-006,Furniture,11,109.49,14.35,1204.39,1190.04
TXN-000273,20240714,CUST-0089,LOC-005,Industrial Equipment,4,394.2,20.26,1576.8,1556.54
TXN-000274,20260405,CUST-0077,LOC-006,Furniture,15,188.06,378.36,2820.9,2442.54
TXN-000275,20250515,CUST-0070,LOC-002,Furniture,6,47.76,8.25,286.56,278.31
TXN-000276,20250917,CUST-0044,LOC-004,Electronics,49,485.17,1153.14,23773.33,22620.19
TXN-000277,20250507,CUST-0073,LOC-003,Industrial Equipment,30,444.22,453.08,13326.6,12873.52
TXN-000278,20240315,CUST-0045,LOC-007,Office Supplies,38,465.32,941.57,17682.16,16740.59
TXN-000279,20250216,CUST-0100,LOC-009,Industrial Equipment,2,497.56,10.36,995.12,984.76
TXN-000280,20250110,CUST-0056,LOC-005,Industrial Equipment,15,103.47,120.84,1552.05,1431.21
TXN-000281,20250223,CUST-0084,LOC-006,Office Supplies,11,210.2,23.45,2312.2,2288.75
TXN-000282,20251229,CUST-0082,LOC-010,Electronics,8,383.95,368.76,3071.6,2702.84
TXN-000283,20241003,CUST-0057,LOC-002,Industrial Equipment,26,354.09,322.74,9206.34,8883.6
TXN-000284,20260130,CUST-0021,LOC-003,Industrial Equipment,45,93.87,342.16,4224.15,3881.99
TXN-000285,20251106,CUST-0068,LOC-003,Furniture,44,411.6,2390.79,18110.4,15719.61
TXN-000286,20250128,CUST-0050,LOC-009,Industrial Equipment,5,127.73,62.35,638.65,576.3
TXN-000287,20260518,CUST-0033,LOC-007,Office Supplies,6,127.43,61.12,764.58,703.46
TXN-000288,20250401,CUST-0091,LOC-008,Furniture,26,277.75,351.33,7221.5,6870.17
TXN-000289,20260708,CUST-0007,LOC-010,Electronics,4,304.61,60.86,1218.44,1157.58
TXN-000290,20240710,CUST-0070,LOC-009,Furniture,19,298.44,569.43,5670.36,5100.93
TXN-000291,20260108,CUST-0015,LOC-006,Office Supplies,20,63.91,190.61,1278.2,1087.59
TXN-000292,20251119,CUST-0082,LOC-004,Office Supplies,33,441.18,1445.35,14558.94,13113.59
TXN-000293,20240408,CUST-0032,LOC-001,Furniture,20,147.49,246.8,2949.8,2703.0
TXN-000294,20250701,CUST-0075,LOC-008,Electronics,49,82.17,441.28,4026.33,3585.05
TXN-000295,20240405,CUST-0020,LOC-007,Furniture,12,446.6,373.97,5359.2,4985.23
TXN-000296,20251025,CUST-0088,LOC-002,Electronics,47,478.71,202.97,22499.37,22296.4
TXN-000297,20251024,CUST-0015,LOC-008,Furniture,1,433.82,36.59,433.82,397.23
TXN-000298,20240708,CUST-0048,LOC-005,Office Supplies,26,408.57,1525.9,10622.82,9096.92
TXN-000299,20260105,CUST-0071,LOC-007,Industrial Equipment,14,334.52,123.15,4683.28,4560.13
TXN-000300,20240206,CUST-0021,LOC-004,Industrial Equipment,38,284.41,1118.59,10807.58,9688.99
TXN-000301,20260218,CUST-0042,LOC-005,Electronics,37,61.75,68.86,2284.75,2215.89
TXN-000302,20250103,CUST-0026,LOC-008,Electronics,11,216.06,191.02,2376.66,2185.64
TXN-000303,20251125,CUST-0014,LOC-001,Electronics,36,198.89,103.83,7160.04,7056.21
TXN-000304,20250608,CUST-0057,LOC-001,Office Supplies,13,144.68,127.06,1880.84,1753.78
TXN-000305,20241005,CUST-0037,LOC-004,Furniture,43,367.24,1791.12,15791.32,14000.2
TXN-000306,20240804,CUST-0058,LOC-003,Office Supplies,3,258.02,40.36,774.06,733.7
TXN-000307,20260516,CUST-0021,LOC-010,Industrial Equipment,33,58.9,193.86,1943.7,1749.84
TXN-000308,20260522,CUST-0082,LOC-002,Electronics,6,125.69,89.98,754.14,664.16
TXN-000309,20260308,CUST-0069,LOC-003,Furniture,10,347.96,483.93,3479.6,2995.67
TXN-000310,20240929,CUST-0003,LOC-001,Industrial Equipment,5,56.54,9.95,282.7,272.75
TXN-000311,20260530,CUST-0087,LOC-001,Industrial Equipment,23,428.58,590.43,9857.34,9266.91
TXN-000312,20240302,CUST-0090,LOC-006,Industrial Equipment,10,257.67,58.91,2576.7,2517.79
TXN-000313,20250818,CUST-0037,LOC-005,Office Supplies,44,250.68,1642.05,11029.92,9387.87
TXN-000314,20260529,CUST-0088,LOC-008,Electronics,2,304.36,84.64,608.72,524.08
TXN-000315,20251229,CUST-0049,LOC-002,Industrial Equipment,13,415.85,437.86,5406.05,4968.19
TXN-000316,20241207,CUST-0019,LOC-004,Electronics,40,186.95,944.51,7478.0,6533.49
TXN-000317,20250131,CUST-0089,LOC-008,Office Supplies,2,345.45,53.99,690.9,636.91
TXN-000318,20251129,CUST-0085,LOC-006,Industrial Equipment,20,291.55,545.42,5831.0,5285.58
TXN-000319,20240119,CUST-0012,LOC-001,Office Supplies,1,148.17,1.98,148.17,146.19
TXN-000320,20240625,CUST-0061,LOC-004,Office Supplies,37,441.74,1851.66,16344.38,14492.72
TXN-000321,20250903,CUST-0041,LOC-001,Electronics,9,402.76,69.44,3624.84,3555.4
TXN-000322,20250130,CUST-0033,LOC-002,Industrial Equipment,17,336.06,707.9,5713.02,5005.12
TXN-000323,20250320,CUST-0050,LOC-005,Office Supplies,9,428.28,452.15,3854.52,3402.37
TXN-000324,20240820,CUST-0068,LOC-008,Industrial Equipment,11,436.3,510.22,4799.3,4289.08
TXN-000325,20260703,CUST-0071,LOC-008,Electronics,15,360.01,29.29,5400.15,5370.86
TXN-000326,20240316,CUST-0086,LOC-003,Office Supplies,24,421.77,460.26,10122.48,9662.22
TXN-000327,20240921,CUST-0033,LOC-004,Electronics,38,354.79,532.09,13482.02,12949.93
TXN-000328,20250330,CUST-0081,LOC-010,Industrial Equipment,35,346.47,655.08,12126.45,11471.37
TXN-000329,20260306,CUST-0024,LOC-006,Industrial Equipment,30,316.93,124.99,9507.9,9382.91
TXN-000330,20251218,CUST-0061,LOC-010,Electronics,31,381.3,1661.27,11820.3,10159.03
TXN-000331,20260104,CUST-0061,LOC-003,Furniture,49,96.13,391.29,4710.37,4319.08
TXN-000332,20250118,CUST-0098,LOC-002,Office Supplies,5,442.82,101.47,2214.1,2112.63
TXN-000333,20250717,CUST-0028,LOC-006,Industrial Equipment,44,438.48,1148.85,19293.12,18144.27
TXN-000334,20260430,CUST-0058,LOC-005,Industrial Equipment,14,34.04,31.97,476.56,444.59
TXN-000335,20250520,CUST-0043,LOC-010,Office Supplies,11,416.39,412.63,4580.29,4167.66
TXN-000336,20250101,CUST-0041,LOC-005,Electronics,9,81.86,56.99,736.74,679.75
TXN-000337,20240523,CUST-0039,LOC-010,Electronics,34,180.86,848.03,6149.24,5301.21
TXN-000338,20260603,CUST-0086,LOC-005,Electronics,12,376.88,337.13,4522.56,4185.43
TXN-000339,20240309,CUST-0049,LOC-010,Furniture,35,97.16,506.09,3400.6,2894.51
TXN-000340,20240408,CUST-0017,LOC-005,Furniture,35,412.62,1844.4,14441.7,12597.3
TXN-000341,20250130,CUST-0098,LOC-003,Industrial Equipment,1,419.42,13.12,419.42,406.3
TXN-000342,20240125,CUST-0070,LOC-007,Electronics,40,263.58,1471.72,10543.2,9071.48
TXN-000343,20260609,CUST-0070,LOC-006,Office Supplies,22,23.07,8.86,507.54,498.68
TXN-000344,20250413,CUST-0098,LOC-004,Industrial Equipment,29,157.78,561.05,4575.62,4014.57
TXN-000345,20250428,CUST-0065,LOC-002,Office Supplies,8,316.12,144.39,2528.96,2384.57
TXN-000346,20250718,CUST-0074,LOC-009,Industrial Equipment,11,490.97,711.25,5400.67,4689.42
TXN-000347,20240530,CUST-0085,LOC-001,Furniture,41,323.27,1725.79,13254.07,11528.28
TXN-000348,20240523,CUST-0005,LOC-004,Industrial Equipment,37,144.71,647.27,5354.27,4707.0
TXN-000349,20250722,CUST-0002,LOC-001,Furniture,14,324.32,538.07,4540.48,4002.41
TXN-000350,20240208,CUST-0022,LOC-006,Industrial Equipment,30,279.19,382.79,8375.7,7992.91
TXN-000351,20240418,CUST-0057,LOC-004,Electronics,35,394.33,167.52,13801.55,13634.03
TXN-000352,20251123,CUST-0066,LOC-005,Office Supplies,21,71.35,90.57,1498.35,1407.78
TXN-000353,20240211,CUST-0074,LOC-005,Electronics,37,385.29,371.06,14255.73,13884.67
TXN-000354,20240704,CUST-0098,LOC-009,Industrial Equipment,5,279.81,145.84,1399.05,1253.21
TXN-000355,20260723,CUST-0016,LOC-001,Industrial Equipment,19,482.24,475.67,9162.56,8686.89
TXN-000356,20250201,CUST-0051,LOC-002,Industrial Equipment,14,184.1,377.18,2577.4,2200.22
TXN-000357,20240810,CUST-0039,LOC-006,Furniture,26,323.66,809.08,8415.16,7606.08
TXN-000358,20250925,CUST-0086,LOC-005,Office Supplies,4,467.37,230.64,1869.48,1638.84
TXN-000359,20240512,CUST-0076,LOC-007,Office Supplies,25,69.2,34.39,1730.0,1695.61
TXN-000360,20240611,CUST-0088,LOC-003,Industrial Equipment,45,469.87,2733.98,21144.15,18410.17
TXN-000361,20240802,CUST-0040,LOC-003,Industrial Equipment,42,350.19,2035.78,14707.98,12672.2
TXN-000362,20260102,CUST-0038,LOC-010,Furniture,25,52.56,96.0,1314.0,1218.0
TXN-000363,20240822,CUST-0060,LOC-002,Electronics,18,164.46,269.2,2960.28,2691.08
TXN-000364,20260422,CUST-0059,LOC-003,Electronics,40,359.92,1651.62,14396.8,12745.18
TXN-000365,20251019,CUST-0010,LOC-010,Office Supplies,8,52.33,10.98,418.64,407.66
TXN-000366,20260120,CUST-0099,LOC-001,Furniture,39,299.44,880.36,11678.16,10797.8
TXN-000367,20250810,CUST-0064,LOC-005,Industrial Equipment,40,186.02,444.96,7440.8,6995.84
TXN-000368,20240109,CUST-0063,LOC-005,Office Supplies,14,318.04,97.76,4452.56,4354.8
TXN-000369,20240314,CUST-0049,LOC-007,Furniture,32,41.96,74.02,1342.72,1268.7
TXN-000370,20250506,CUST-0064,LOC-004,Electronics,38,438.34,170.33,16656.92,16486.59
TXN-000371,20260701,CUST-0032,LOC-003,Furniture,33,487.27,62.26,16079.91,16017.65
TXN-000372,20240909,CUST-0007,LOC-001,Electronics,23,485.06,226.19,11156.38,10930.19
TXN-000373,20240817,CUST-0021,LOC-008,Furniture,15,379.83,823.1,5697.45,4874.35
TXN-000374,20250602,CUST-0020,LOC-003,Office Supplies,33,82.44,224.25,2720.52,2496.27
TXN-000375,20240622,CUST-0026,LOC-002,Electronics,25,383.97,1390.68,9599.25,8208.57
TXN-000376,20251014,CUST-0068,LOC-004,Office Supplies,17,31.8,35.07,540.6,505.53
TXN-000377,20240616,CUST-0086,LOC-003,Office Supplies,33,30.62,47.26,1010.46,963.2
TXN-000378,20240618,CUST-0015,LOC-001,Electronics,47,175.33,625.63,8240.51,7614.88
TXN-000379,20250127,CUST-0085,LOC-003,Electronics,2,254.55,33.56,509.1,475.54
TXN-000380,20260305,CUST-0079,LOC-002,Industrial Equipment,14,389.8,86.49,5457.2,5370.71
TXN-000381,20250925,CUST-0086,LOC-008,Industrial Equipment,40,347.98,1337.97,13919.2,12581.23
TXN-000382,20240712,CUST-0092,LOC-006,Industrial Equipment,40,234.03,303.36,9361.2,9057.84
TXN-000383,20250531,CUST-0014,LOC-009,Office Supplies,39,151.34,548.55,5902.26,5353.71
TXN-000384,20240129,CUST-0027,LOC-008,Office Supplies,6,498.62,291.78,2991.72,2699.94
TXN-000385,20240613,CUST-0040,LOC-010,Industrial Equipment,6,224.57,30.73,1347.42,1316.69
TXN-000386,20250225,CUST-0058,LOC-003,Office Supplies,3,236.67,6.53,710.01,703.48
TXN-000387,20241204,CUST-0028,LOC-005,Office Supplies,7,98.54,80.78,689.78,609.0
TXN-000388,20251009,CUST-0026,LOC-007,Electronics,8,401.51,221.54,3212.08,2990.54
TXN-000389,20250510,CUST-0063,LOC-005,Electronics,42,352.97,129.34,14824.74,14695.4
TXN-000390,20241230,CUST-0066,LOC-008,Office Supplies,15,125.97,281.98,1889.55,1607.57
TXN-000391,20260412,CUST-0025,LOC-005,Industrial Equipment,47,59.54,24.25,2798.38,2774.13
TXN-000392,20241207,CUST-0003,LOC-001,Furniture,29,346.64,1048.03,10052.56,9004.53
TXN-000393,20250514,CUST-0072,LOC-005,Industrial Equipment,33,334.17,1627.14,11027.61,9400.47
TXN-000394,20251018,CUST-0044,LOC-004,Furniture,30,151.16,162.7,4534.8,4372.1
TXN-000395,20250525,CUST-0097,LOC-006,Industrial Equipment,39,476.41,396.45,18579.99,18183.54
TXN-000396,20241122,CUST-0042,LOC-003,Electronics,27,92.51,45.48,2497.77,2452.29
TXN-000397,20240804,CUST-0099,LOC-005,Office Supplies,36,227.52,372.61,8190.72,7818.11
TXN-000398,20241027,CUST-0006,LOC-002,Office Supplies,29,472.94,207.88,13715.26,13507.38
TXN-000399,20240511,CUST-0039,LOC-006,Electronics,38,221.47,873.77,8415.86,7542.09
TXN-000400,20260314,CUST-0052,LOC-006,Furniture,33,326.49,100.67,10774.17,10673.5
TXN-000401,20240310,CUST-0023,LOC-005,Furniture,37,210.85,596.13,7801.45,7205.32
TXN-000402,20240908,CUST-0089,LOC-006,Furniture,27,151.62,612.03,4093.74,3481.71
TXN-000403,20250218,CUST-0050,LOC-007,Electronics,33,492.31,1983.59,16246.23,14262.64
TXN-000404,20260225,CUST-0043,LOC-005,Furniture,4,216.48,79.91,865.92,786.01
TXN-000405,20250320,CUST-0019,LOC-001,Electronics,22,449.17,453.95,9881.74,9427.79
TXN-000406,20260525,CUST-0069,LOC-008,Industrial Equipment,2,130.38,24.4,260.76,236.36
TXN-000407,20240630,CUST-0051,LOC-004,Industrial Equipment,10,122.29,96.68,1222.9,1126.22
TXN-000408,20240615,CUST-0011,LOC-009,Electronics,5,34.94,11.17,174.7,163.53
TXN-000409,20240331,CUST-0012,LOC-010,Office Supplies,10,332.8,65.25,3328.0,3262.75
TXN-000410,20251214,CUST-0074,LOC-006,Industrial Equipment,33,196.89,864.09,6497.37,5633.28
TXN-000411,20260507,CUST-0008,LOC-001,Furniture,38,434.89,1114.96,16525.82,15410.86
TXN-000412,20250614,CUST-0024,LOC-003,Electronics,13,247.14,93.79,3212.82,3119.03
TXN-000413,20240208,CUST-0092,LOC-003,Furniture,31,484.73,828.93,15026.63,14197.7
TXN-000414,20240505,CUST-0041,LOC-010,Furniture,47,109.05,318.38,5125.35,4806.97
TXN-000415,20250326,CUST-0036,LOC-004,Office Supplies,36,436.94,1952.56,15729.84,13777.28
TXN-000416,20240621,CUST-0085,LOC-006,Furniture,45,392.77,1944.96,17674.65,15729.69
TXN-000417,20251014,CUST-0072,LOC-007,Office Supplies,24,390.04,1080.21,9360.96,8280.75
TXN-000418,20260123,CUST-0055,LOC-010,Industrial Equipment,15,425.5,10.56,6382.5,6371.94
TXN-000419,20240807,CUST-0009,LOC-004,Electronics,29,385.29,697.48,11173.41,10475.93
TXN-000420,20250929,CUST-0047,LOC-006,Furniture,8,320.59,185.18,2564.72,2379.54
TXN-000421,20240227,CUST-0015,LOC-001,Electronics,5,83.0,1.19,415.0,413.81
TXN-000422,20251021,CUST-0048,LOC-008,Furniture,29,35.61,40.25,1032.69,992.44
TXN-000423,20250420,CUST-0082,LOC-007,Electronics,47,462.01,2476.39,21714.47,19238.08
TXN-000424,20250331,CUST-0042,LOC-009,Furniture,4,315.99,26.0,1263.96,1237.96
TXN-000425,20260408,CUST-0060,LOC-003,Furniture,12,402.34,387.68,4828.08,4440.4
TXN-000426,20260613,CUST-0084,LOC-002,Furniture,45,251.13,364.79,11300.85,10936.06
TXN-000427,20241226,CUST-0070,LOC-001,Furniture,2,76.31,0.28,152.62,152.34
TXN-000428,20260723,CUST-0012,LOC-003,Furniture,27,80.09,78.24,2162.43,2084.19
TXN-000429,20240101,CUST-0002,LOC-005,Furniture,31,349.07,1584.01,10821.17,9237.16
TXN-000430,20250121,CUST-0007,LOC-002,Furniture,36,226.55,980.58,8155.8,7175.22
TXN-000431,20241213,CUST-0080,LOC-003,Furniture,36,116.25,602.37,4185.0,3582.63
TXN-000432,20240708,CUST-0003,LOC-004,Furniture,26,255.97,487.02,6655.22,6168.2
TXN-000433,20250519,CUST-0003,LOC-007,Electronics,43,50.82,35.97,2185.26,2149.29
TXN-000434,20240709,CUST-0027,LOC-003,Office Supplies,27,299.35,664.33,8082.45,7418.12
TXN-000435,20250522,CUST-0040,LOC-009,Furniture,5,149.12,50.82,745.6,694.78
TXN-000436,20250103,CUST-0033,LOC-008,Office Supplies,20,402.83,1020.4,8056.6,7036.2
TXN-000437,20250212,CUST-0092,LOC-004,Furniture,11,168.97,27.35,1858.67,1831.32
TXN-000438,20260403,CUST-0001,LOC-001,Furniture,10,238.51,174.68,2385.1,2210.42
TXN-000439,20260717,CUST-0008,LOC-001,Electronics,40,25.58,23.03,1023.2,1000.17
TXN-000440,20260722,CUST-0032,LOC-001,Industrial Equipment,38,54.77,101.36,2081.26,1979.9
TXN-000441,20240426,CUST-0048,LOC-001,Industrial Equipment,6,208.4,138.3,1250.4,1112.1
TXN-000442,20240513,CUST-0004,LOC-008,Electronics,8,250.37,143.02,2002.96,1859.94
TXN-000443,20240227,CUST-0094,LOC-003,Office Supplies,23,308.01,399.43,7084.23,6684.8
TXN-000444,20250709,CUST-0070,LOC-006,Industrial Equipment,47,160.0,444.97,7520.0,7075.03
TXN-000445,20251115,CUST-0019,LOC-003,Electronics,26,353.59,633.58,9193.34,8559.76
TXN-000446,20251102,CUST-0032,LOC-005,Electronics,46,432.86,2344.64,19911.56,17566.92
TXN-000447,20240621,CUST-0009,LOC-007,Industrial Equipment,43,394.33,2268.95,16956.19,14687.24
TXN-000448,20260408,CUST-0012,LOC-002,Office Supplies,12,39.02,67.1,468.24,401.14
TXN-000449,20260325,CUST-0011,LOC-006,Electronics,26,250.64,769.19,6516.64,5747.45
TXN-000450,20240528,CUST-0046,LOC-006,Furniture,13,70.37,43.28,914.81,871.53
TXN-000451,20240320,CUST-0016,LOC-003,Office Supplies,40,136.18,562.26,5447.2,4884.94
TXN-000452,20260604,CUST-0001,LOC-006,Office Supplies,18,493.6,583.2,8884.8,8301.6
TXN-000453,20240731,CUST-0063,LOC-010,Industrial Equipment,25,88.4,84.42,2210.0,2125.58
TXN-000454,20240721,CUST-0021,LOC-010,Industrial Equipment,33,259.47,1080.0,8562.51,7482.51
TXN-000455,20260202,CUST-0030,LOC-005,Furniture,47,316.71,85.8,14885.37,14799.57
TXN-000456,20240816,CUST-0013,LOC-002,Electronics,40,357.18,1932.55,14287.2,12354.65
TXN-000457,20251106,CUST-0034,LOC-009,Industrial Equipment,43,288.63,859.12,12411.09,11551.97
TXN-000458,20240814,CUST-0004,LOC-008,Industrial Equipment,12,24.69,28.32,296.28,267.96
TXN-000459,20251020,CUST-0028,LOC-003,Office Supplies,44,176.7,768.95,7774.8,7005.85
TXN-000460,20250615,CUST-0095,LOC-008,Industrial Equipment,36,268.5,1297.83,9666.0,8368.17
TXN-000461,20250316,CUST-0059,LOC-009,Industrial Equipment,48,62.18,285.03,2984.64,2699.61
TXN-000462,20250205,CUST-0027,LOC-003,Industrial Equipment,4,188.3,69.36,753.2,683.84
TXN-000463,20240216,CUST-0069,LOC-003,Industrial Equipment,5,35.94,1.8,179.7,177.9
TXN-000464,20240820,CUST-0025,LOC-002,Office Supplies,37,57.72,166.07,2135.64,1969.57
TXN-000465,20241031,CUST-0003,LOC-008,Furniture,8,210.52,37.94,1684.16,1646.22
TXN-000466,20250609,CUST-0097,LOC-010,Furniture,42,83.7,388.86,3515.4,3126.54
TXN-000467,20240522,CUST-0068,LOC-001,Electronics,49,292.42,1100.91,14328.58,13227.67
TXN-000468,20250218,CUST-0025,LOC-008,Industrial Equipment,28,350.94,1002.62,9826.32,8823.7
TXN-000469,20250527,CUST-0020,LOC-007,Office Supplies,31,404.28,78.34,12532.68,12454.34
TXN-000470,20250107,CUST-0034,LOC-007,Electronics,9,116.07,13.29,1044.63,1031.34
TXN-000471,20250719,CUST-0026,LOC-003,Electronics,29,100.39,312.82,2911.31,2598.49
TXN-000472,20260604,CUST-0005,LOC-001,Furniture,14,70.19,10.63,982.66,972.03
TXN-000473,20240915,CUST-0099,LOC-004,Office Supplies,40,325.49,139.16,13019.6,12880.44
TXN-000474,20251017,CUST-0061,LOC-009,Office Supplies,41,359.11,26.74,14723.51,14696.77
TXN-000475,20250415,CUST-0092,LOC-005,Office Supplies,22,35.16,110.98,773.52,662.54
TXN-000476,20240112,CUST-0093,LOC-001,Furniture,11,469.38,571.18,5163.18,4592.0
TXN-000477,20241125,CUST-0009,LOC-005,Furniture,23,44.95,54.78,1033.85,979.07
TXN-000478,20260105,CUST-0050,LOC-008,Furniture,1,279.82,12.45,279.82,267.37
TXN-000479,20260222,CUST-0006,LOC-008,Furniture,46,360.35,869.51,16576.1,15706.59
TXN-000480,20241223,CUST-0083,LOC-005,Furniture,37,438.07,1883.41,16208.59,14325.18
TXN-000481,20250211,CUST-0060,LOC-009,Industrial Equipment,21,362.76,755.74,7617.96,6862.22
TXN-000482,20251029,CUST-0044,LOC-001,Industrial Equipment,26,404.83,292.39,10525.58,10233.19
TXN-000483,20250107,CUST-0011,LOC-004,Office Supplies,46,182.94,219.78,8415.24,8195.46
TXN-000484,20240108,CUST-0066,LOC-003,Electronics,36,411.12,218.44,14800.32,14581.88
TXN-000485,20240501,CUST-0047,LOC-002,Office Supplies,23,58.46,133.17,1344.58,1211.41
TXN-000486,20241213,CUST-0073,LOC-008,Electronics,1,449.51,51.54,449.51,397.97
TXN-000487,20251106,CUST-0085,LOC-007,Furniture,40,282.84,449.79,11313.6,10863.81
TXN-000488,20240330,CUST-0088,LOC-009,Electronics,15,412.3,19.43,6184.5,6165.07
TXN-000489,20251009,CUST-0098,LOC-002,Office Supplies,21,237.11,61.37,4979.31,4917.94
TXN-000490,20251128,CUST-0086,LOC-004,Office Supplies,47,328.92,2244.36,15459.24,13214.88
TXN-000491,20241111,CUST-0003,LOC-006,Electronics,9,272.67,108.75,2454.03,2345.28
TXN-000492,20240626,CUST-0076,LOC-003,Industrial Equipment,9,371.16,385.43,3340.44,2955.01
TXN-000493,20250623,CUST-0092,LOC-008,Furniture,10,59.18,55.45,591.8,536.35
TXN-000494,20260101,CUST-0030,LOC-003,Furniture,26,48.97,72.94,1273.22,1200.28
TXN-000495,20260518,CUST-0090,LOC-002,Office Supplies,41,138.61,175.34,5683.01,5507.67
TXN-000496,20240210,CUST-0021,LOC-003,Industrial Equipment,35,96.58,61.55,3380.3,3318.75
TXN-000497,20260109,CUST-0028,LOC-006,Electronics,25,438.46,1011.22,10961.5,9950.28
TXN-000498,20251204,CUST-0090,LOC-002,Furniture,26,125.22,378.3,3255.72,2877.42
TXN-000499,20260711,CUST-0062,LOC-008,Industrial Equipment,11,488.42,518.92,5372.62,4853.7
TXN-000500,20250516,CUST-0033,LOC-001,Furniture,38,181.71,549.26,6904.98,6355.72
